week ,Count,strata
1,0.152867219,1
2,0.847132781,2
