week ,Count,strata,,,,
1,0.105245461,1,,,,
2,0.894754539,2,,,,
